"","one","two","thr","four","fve","six","svn","eight","nine","ten"
"1",0.0660725312142489,0.116826438055663,0.101354953993072,0.112391017871882,0.103541072620408,0.0806587685486563,0.0440486340314851,0.00765979949882839,-0.00856216520493205,-0.0189189664365895
"2",-0.0441030708374419,-0.0672425282096903,-0.0673526346608494,-0.0862803310489237,-0.0769654387664767,-0.0529264024086639,-0.0298231869564107,-0.0115939044321548,-0.0138651108242018,-0.023488987625298
"3",0.00956195255888323,-0.0139033608755668,-0.0177282219582452,-0.012957555002443,-0.0122338500269171,-0.00231374658517156,0.00495342979654331,-0.000416183758869232,-0.0119370175713426,-0.0221722125106073
"4",0.00846948168827769,-0.0199534943473219,-0.0202385881969898,-0.0210629508645182,-0.0309169487169392,-0.016141213106128,-0.00686056338568231,-0.00269793666221702,-0.00894407624556076,-0.018746837720442
"5",0.0804826687527387,0.0452614954970017,0.0448166817925255,0.047399855427694,0.0434723428746612,0.0316182834166133,0.0144303827048916,-0.00190841894433696,-0.00868475090612775,-0.0180153786715904
"6",0.0337314114741365,0.0245245383477126,0.0249260275238832,0.0244109940012884,0.0240697429335286,0.0230055178633959,0.0183353775154697,-0.00258678728870643,-0.0120340009100222,-0.0215211556440336
"7",0.0163047417818814,0.0113583477580111,0.0109160748280949,0.0104484439825494,0.00846938534141278,0.00454972654214897,0.00434617653611949,-0.0039666461255235,-0.0106268194162447,-0.0199318897831644
"8",-0.114936543850487,-0.0797545259856286,-0.0773295498319189,-0.0828641080545874,-0.0856497233003041,-0.0828659733960836,-0.06627397826475,-0.0258552323241027,-0.013649944283916,-0.0218109568022358
"9",0.0487376994555326,-0.01112035739047,-0.0101545058329522,-0.00683298577445243,-0.000664156939180732,0.00639107082676474,0.00481878149431875,-0.00529005045381553,-0.00875436278875952,-0.0178979643204112
"10",0.0519144414897932,0.082455460248639,0.0808615656989851,0.0755187553735438,0.0638382393819519,0.038936618568912,0.012550971884355,-0.001676883609385,-0.00635044117456993,-0.0155948702859844
"11",-0.0378353748661779,-0.020481811250231,-0.0272636298111674,-0.0236340311837853,-0.0177944281891661,-0.0142602975091467,-0.0125584907256799,-0.00196541644238449,-0.00372397308393949,-0.0121805676319016
"12",-0.0157102455308262,0.0138894577510517,0.0137707783673321,0.0129299242269406,0.01323415951522,0.0201235058603675,0.024708573178287,0.00781606181866931,-0.00217199023902742,-0.0111883963871379
"13",0.0207042135397604,-0.0330685459711637,-0.0324283560370624,-0.0304010222525119,-0.0254215062528298,-0.0159419162612143,-0.0092971153078564,-0.0042326106329296,-0.00607719625961109,-0.0142886077266816
"14",-0.0464313347710341,-0.00585997432258892,-0.00504471241871535,-0.00237903728678157,0.00305328633083105,0.010697526589839,0.0102345498167387,-0.000889602631242437,-0.00191426103123807,-0.0080832047388204
"15",-0.0567749232473007,-0.0148262185280414,-0.00836843186633884,-0.00144796954015672,0.0094111473659664,0.0194508232930817,0.0212471055758627,0.00796140007498597,0.00292075672839595,-0.00362650657296237
"16",-0.0705891433355122,-0.103437490004577,-0.0929798008414759,-0.074974972861065,-0.0487440680609234,-0.0228410550739114,-0.00879454374626368,-0.000494714576440042,-0.00031777189286325,-0.00648747244523695
"17",-0.0501479858626036,-0.0727091181994275,-0.074355553426295,-0.0777272553559405,-0.0766157049469513,-0.0582153800368766,-0.0280214772235493,0.00037870133142559,0.00104136411493641,-0.00520676771792242
"18",0.0651984452339247,-0.0431150370050078,-0.0427169052441005,-0.042037800192375,-0.0386948290306063,-0.0263221300774562,-0.00682014908776132,0.00414956670100708,0.000552503218787609,-0.00592409879936098
"19",-0.000987420039905845,0.0380190176222612,0.0337850612665592,0.0214718084292184,0.00282185356048253,-0.0057076144429041,-0.00146016019361511,0.00172545004133554,0.0012941164582323,-0.00482950860081757
"20",0.0186787225010958,-0.0181099823639219,-0.0218004637545603,-0.0121479342421889,0.00332587871222878,0.0161412490899312,0.0120323324654183,0.00255327596970689,0.00301883564268357,-0.00294102444406016
"21",0.0342137225748788,0.0570124587198485,0.054448054786635,0.048488504789496,0.0418196355163534,0.0377045690371584,0.0320850032922707,0.0161096934104302,0.00885714574217719,0.00427198932680678
"22",0.0185616469364429,0.0161280585257839,0.0161801760420775,0.0168359209153908,0.0199090775311455,0.0145571869118373,0.00629350323009052,0.00419111093792321,0.00559978863098799,0.00148798697562269
"23",0.0640332496202351,0.0578061179534182,0.0585359552815074,0.0573318221352102,0.0438780409309508,0.0260982853435217,0.0160372004474725,0.00545730760788739,0.00406968147167537,-0.000182379438971772
"24",0.0230169989064523,-0.022071968530138,-0.0347666081181895,-0.0255800523882935,-0.0279865451724738,-0.0383177556527242,-0.033681437445953,-0.00393691205258404,0.00305798231401659,-0.000744136812318566
"25",0.0730615187828897,0.0463326567621873,0.043710498230313,0.0374383069550066,0.0292893720441914,0.0185533409372059,0.0128382961619923,0.0035705966979229,0.00404651343390518,-3.02125919035418e-05
"26",-0.0429241713112037,-0.0290262249783382,-0.0283770533371087,-0.024674026206662,-0.0163902957551011,-0.00573777584393871,-0.00212179654737163,0.00255011281965491,0.00555592729937456,0.0017295135652371
"27",-0.0293499937030563,-0.0770903353022878,-0.0762696812718094,-0.0727356888479091,-0.0628408551538849,-0.0442364122689023,-0.0305372371296529,-0.0115012292336894,0.00203303339029932,-0.00100204808475936
"28",-0.0222740374214582,-0.0473110165270293,-0.0492562236760137,-0.043861169772289,-0.0321663277821571,-0.0180051976167007,-0.0137858130245135,-0.00555529795390097,0.00366709053566874,0.000569284939214973
"29",-0.0214931185643592,0.00717240365773217,0.00433415583403531,0.00752718340895235,0.0127545653386056,0.00908834599797308,-0.00840393323267825,-0.00797855099952682,0.00322543654175508,0.000484459913055152
"30",-0.040816906289784,-0.0268314252090363,-0.0324161165029552,-0.0297324886224649,-0.021393741419413,-0.0136769681693373,-0.0162985671658583,0.000556572956890725,0.00608830243513414,0.00318561549548176
"31",0.0352028402413326,-0.00796413819835144,-0.00601229640992419,-0.0109222999865707,-0.00201825639796356,0.00640397349450147,0.00130499364939329,0.00542458997474457,0.00892848236074764,0.00572603290436857
"32",-0.0242301312331053,-0.0233006597595864,-0.021995399455663,-0.0212871085828274,-0.0117899719523754,0.0014678344205626,0.00485875230431707,0.00819921636297968,0.0104312467266201,0.0069364862192302
"33",-0.0533699730754025,-0.0683212202813553,-0.0679006409926766,-0.0678764612541076,-0.0625223687773265,-0.0447620898504257,-0.0175179866349763,0.00850412206030261,0.0129319443752458,0.00994427549421702
"34",-0.011401534704774,-0.0255138599324806,-0.0207174530669091,-0.0171760529447132,-0.0120541898079843,-0.00514147630777426,0.00410662529311147,0.00856279099816382,0.0105902849776316,0.007486466317847
"35",0.0734888730995756,0.0765977178949157,0.0776644279236769,0.0842762550481627,0.0809615193375342,0.061535486238418,0.03512127608072,0.0105906281167969,0.00971148138091896,0.00614980204618042
"36",0.0425775428893477,0.0598728228406196,0.0594577876434245,0.0518053928741769,0.0515211395016323,0.034708965984683,0.02249035541123,0.00854154665552403,0.0104648340124913,0.00813974931822557
"37",-0.000976272538583706,-0.0674042681827154,-0.0620111148811668,-0.0622324751984153,-0.0658274480025729,-0.0435765109300838,-0.0141819257270615,0.0035898823254412,0.0100413682352759,0.00821380618388115
"38",-0.0291158874261459,-0.0623638857405125,-0.0581190438707151,-0.0852413284685585,-0.0702700619333573,-0.0383493522177622,-0.0103215025557954,0.00531093431398598,0.0108926837755769,0.00879549635561909
"39",0.022581969703581,0.0100416086941118,0.0247253515369386,0.00794107871009433,0.00569564319555849,0.00640059588524182,0.00988457134897973,0.00969060408383983,0.011916770622388,0.00939859286437338
"40",0.0493103856359917,0.0555348727713636,0.056057040911815,0.0576807420645147,0.0622919975296326,0.0716211922047783,0.0472543013060136,0.0148179083584254,0.0111385853221598,0.00790244612463972
"41",0.0498180446188141,0.0397727900440473,0.0400024479940842,0.0405712422426247,0.0416259910440427,0.0509630638674224,0.0336752462928486,0.0110517219131658,0.00902002897132403,0.00581984280441183
"42",0.00545266583195113,-0.0156572172138302,-0.0159092030232835,-0.0159853139849397,-0.0168516902236809,-0.0144012653858082,-0.0121806911210222,0.00818988251491065,0.00862356067956752,0.00570286120659885
"43",0.0168775908712096,-0.000221001040495508,-0.000311517707953513,-0.00057638124298752,-0.00096747225694474,0.0040109696214454,0.010373012234476,0.0112103576472428,0.00871552423374146,0.005267918849296
"44",-0.0410485369350847,-0.0373106706822321,-0.0380886663853146,-0.0406971989275905,-0.04655501693504,-0.0570004989966376,-0.0323896908087637,0.00790860153387209,0.00844614376518577,0.00530406436064554
"45",0.0482671555003626,-0.0459209120815145,-0.0783992844379131,-0.0420719388203803,-0.0352690922999507,-0.0192703961618118,0.00539734860327028,0.00996892243329139,0.00743049367512651,0.0041324298883821
"46",0.0450109693625197,0.0552220249029213,0.0547408183703467,0.0321159334995887,0.0455443686813905,0.0318577329558223,0.0245144781382121,0.00681883437937611,0.00547311645323467,0.00240337404444844
"47",0.138496384154239,0.0966601179740518,0.0963442694796372,0.0954670534598068,0.0926839320005275,0.0798144909201774,0.0399000224184176,0.0012721960177899,0.00196481177811988,-0.00117102332976818
"48",0.0179800469768838,0.0408016168517153,0.040586657943384,0.0374793823655673,0.0294972398900036,0.00942337338881792,-0.020364104248699,-0.0136946071005177,-0.00115745475006085,-0.00309605827573975
"49",-0.0982902387083238,-0.0799162121329591,-0.0811463817739399,-0.0849050302089178,-0.0939499079552419,-0.108253873374744,-0.100851549589872,-0.0262029141407201,-0.00328460816731799,-0.00420513488571968
"50",-0.0265558161402666,-0.0282947913026741,-0.028179336840697,-0.0278290785975398,-0.0279764046485917,-0.0315345783118697,-0.0371320088131358,-0.0107283640443217,-0.000190492634129666,-0.00242056548343703
"51",0.0805752291167941,0.064784410570865,0.0648514841461665,0.0647877569775602,0.0630207486559759,0.0529826864665195,0.0331163005807795,0.00710710226996178,0.00308159460170095,-0.000741528182825732
"52",-0.0968257082682964,-0.0895625843920991,-0.088646641485523,-0.0852715840574604,-0.0758454294605217,-0.0527224718240524,-0.0287637198753926,-0.00665409712965949,0.000145145793561313,-0.00243208343481432
"53",-0.0922424067434864,-0.159596988168009,-0.15818579921648,-0.155093788078266,-0.147085415812024,-0.129451920514622,-0.0937480021539613,-0.015652085469292,-0.00212613298252949,-0.00375802297156912
"54",0.0714136341839219,-0.0600282578845399,-0.061729514094353,-0.0631614896574141,-0.0622407214569936,-0.0500926568218049,-0.0266379321253101,-0.00281061177271887,-0.00143119182287732,-0.00410935424953955
"55",-0.0703549466521422,0.00534357279847651,0.00303539135708901,-0.000891677183728359,-0.0108671827372687,-0.0275021131993392,-0.0370110864415602,-0.0199939145035757,-0.00677945834955271,-0.00745262769645502
"56",-0.122285730424712,-0.0416531927590507,-0.0476405942241638,-0.0650612812419729,-0.0918989109922065,-0.118309781897656,-0.115393537467912,-0.0498745026223772,-0.0210566293931266,-0.0180411572845275
"57",-0.0353539744770441,-0.138996629428121,-0.137359441977446,-0.13191588815028,-0.12833457556366,-0.131563509200725,-0.122777414827466,-0.0667927944401361,-0.0257851939873248,-0.0207958485405256
"58",0.180659907459341,0.160629532957316,0.154240637493519,0.132477402081428,0.0968501121504194,0.0479886689293299,0.00688672404522994,-0.031159266823803,-0.0191525065769338,-0.0188499887445006
"59",-0.00502060496944376,-0.0568921420736894,-0.0529897403290396,-0.0416592103162211,-0.0196294964262223,0.0117562821832824,0.0180010360074005,-0.028811446775759,-0.0200232511018688,-0.0202058830053377
"60",-0.129471269787075,0.00597697238945138,0.00301642644923261,-0.00236091000377814,-0.00740437513297729,-0.0196996118776868,-0.0471321562302977,-0.0470518097444726,-0.0244292812040813,-0.0224642313226088
"61",-0.0634722631169838,-0.0491652841408219,-0.04197316626706,-0.0303802114034462,-0.024432169935738,-0.0303730445882252,-0.0414557853224241,-0.026820890543761,-0.0157122540486891,-0.0174677876427495
"62",-0.0442553277358268,0.136884710420068,0.139430551502333,0.145759618581048,0.14166577410445,0.114104571410372,0.0688715529646783,0.00414327043592916,-0.00664982973542222,-0.0128678798930381
"63",-0.0056398970273675,0.032598826487561,0.0458295203796111,0.0717141345492836,0.0832070788727886,0.0758694430524096,0.0455690878504435,0.00416709430095943,-0.00487314899763217,-0.0114118149319282
"64",0.0530939678513765,0.0953049063291348,0.0962217671445379,0.102703049735053,0.104960508365194,0.0736769085194093,0.0118177258175532,-0.00404540174115114,-0.00444147359905167,-0.0101342690768961
"65",-0.102987450242775,0.063859858206497,0.0568846120296001,0.0418286781998338,0.0241894219086542,0.00212654983854474,-0.0159977967717032,-0.0018437919080016,-0.00294937481733232,-0.00940594438579445
"66",0.067571416036888,-0.0156170234438098,0.0308090119971468,-0.000875242581822117,0.0221380199428188,0.0426131127762478,0.0374101354046449,0.0145699282362113,0.000614033798872454,-0.00773277732963759
"67",0.0259555902290009,-0.012927423812862,0.0160437998625551,-0.0117474228585641,-0.00465822192232754,0.0106468602174124,0.0211591800862794,0.0133139881000826,0.000946040141850568,-0.00745833524271072
"68",-0.0490767658311317,-0.120389370579847,-0.120319665634537,-0.126495340282561,-0.102696152337859,-0.0634079354677571,-0.0280386737771873,0.000632191519610276,-0.00158619326902545,-0.00833063367112516
"69",0.0648290010523422,0.0513738496741335,0.0523273542472133,0.0521998116687573,0.0501691329594822,0.0406371075618201,0.0216486965234401,0.00722519890688325,0.000526384420298509,-0.00691040462089171
"70",0.0489090731252781,0.0908046435453691,0.0908429781076726,0.0920429882260186,0.0881163163351701,0.0791935823545119,0.0613228059055307,0.0209433637610511,0.00428157735750104,-0.00462031963080003
"71",-0.00125944951975393,0.0873246088906171,0.0831530843903732,0.0706319865013162,0.0533977157308599,0.0361884670762914,0.0247603616864443,0.0108386318112769,0.000797132262873895,-0.00707448963091956
"72",-0.0590051094429941,-0.100339894995403,-0.105760612674354,-0.0972254797141806,-0.0889570600677551,-0.0706159197127595,-0.0415750193534564,-0.00108583616136904,-0.000174230307198042,-0.00676410409702785
"73",-0.0643302403929636,-0.0569111934819594,-0.0559545932087538,-0.0503081028685669,-0.0467841297135763,-0.0320332168272482,-0.0117606211050603,0.00557665308870339,0.00111532192798453,-0.00621822571593864
"74",0.0618862287306575,0.0444021909641581,0.0449160574563298,0.0496326968261386,0.0600564443804558,0.0657006485745908,0.0542770875518713,0.0207831187432602,0.00387056485466131,-0.00493847921260701
"75",-0.0283156478990346,-0.0212846548749198,-0.0198317933134692,-0.0191467600713163,-0.0190460210096545,-0.0149629295647094,-0.00539006027298469,0.00410081720015809,-0.000372152226059019,-0.0076109536191063
"76",0.117673613400254,0.0966080291116283,0.0898836362538753,0.0772531202820517,0.0643814437665299,0.0434926113497874,0.0137159060418356,0.000441820415212818,-0.00199114600704445,-0.00880759448829935
"77",0.0482709921791523,0.0470679829978113,0.0508015596848355,0.0569114704327173,0.0581562731889449,0.0522984030000276,0.0411882076490279,0.0173598495100952,0.00258202105826805,-0.00569986382116022
"78",-0.020694176830506,-0.0697257456665491,-0.0695026084496538,-0.0647065972850374,-0.0499131153568093,-0.0202217847141169,0.00697111582101176,0.0126571213049379,0.00111756411792852,-0.00683432561685504
"79",0.0762885082380841,0.0877427036032767,0.0830286463279039,0.0796837045349408,0.079883788072373,0.0680136577048154,0.0463562273788835,0.0191738401921146,0.0047401241844168,-0.00363100820603818
"80",0.0282613529990532,0.0413169406531364,0.0372988277705519,0.0292875129005274,0.0163502636787152,0.0110334147644642,0.0169509113814416,0.0168792439336083,0.00507668924418209,-0.00330055797472525
"81",0.0127170651934391,0.00253969595602804,0.00557553387934664,0.0135777898467193,0.0205393242654753,0.0272476756284092,0.0317794128569348,0.0200272843515558,0.00490956390999978,-0.00378306383265675
"82",-5.41055925047385e-05,-0.0121844532511169,-0.00684110245460884,-0.0121213671603365,-0.0174800721002812,-0.0180859876728776,-0.00572481830808291,0.0122904654096422,0.00457302897172909,-0.00365893274771176
"83",0.0618685245849193,0.0331633799745169,0.035987286274599,0.0488018305460733,0.044517683322766,0.0339995078385746,0.0207644649256565,0.0129503400476313,0.00432678126289679,-0.00389611373495385
"84",-0.0324646898931546,-0.0303015491214821,-0.0345366053853332,-0.0447647666228015,-0.0432698924680533,-0.0271667478571769,-0.00787145297481631,0.00834436425808119,0.00449997522027651,-0.00332972274162888
"85",-0.0136149252999359,-0.027183241463331,-0.0329747662607642,-0.0205286300875196,-0.0235222801667342,-0.0273269670638685,-0.0242846022553773,0.00111783055284029,0.00330317961422716,-0.00386649172459091
"86",-0.00844097240697547,-0.0061454108493767,-0.00660071458279857,-0.0146700218716849,-0.0100976201357879,-0.00714979654411801,-0.0073151828296435,0.00332554047936839,0.00429859892442283,-0.00285722547889525
"87",-0.105697342454262,-0.0738907327013463,-0.0719117094376753,-0.0705398526920594,-0.0724918096053279,-0.0701505662659142,-0.0493299799312187,-0.00491318297071766,0.00280163443400488,-0.00366976028214872
"88",-0.0401764547962452,-0.0796369881551647,-0.0690245508109657,-0.0675181877888681,-0.0613803605784123,-0.0514878222467184,-0.0370755394575843,-0.00552556030236898,0.0013454907816649,-0.00503139563758531
"89",0.0928521306891983,0.119072684294812,0.118683353449205,0.122337308660066,0.11136273811409,0.0897413490364026,0.0534055984473739,0.0120022423942773,0.00240800479053926,-0.00535989860192135
"90",-0.0243420752004341,-0.0164250463044646,-0.0173907867292492,-0.0141374073500818,-0.00490943938863425,0.00335830676468185,0.00613504863240544,0.00524615427070707,0.000644740945083572,-0.00670211406857882
"91",0.0671213870846566,0.0503755755516414,0.0476874571320621,0.0432424514391826,0.0344492486739965,0.0216986753880144,0.00858041082167041,0.00200821806092524,-0.000549554097641458,-0.00753480861256092
"92",0.0421154616851679,0.0456054033990853,0.0456652810580979,0.0427424167131431,0.0460615837684705,0.0452640763543473,0.0359780425409919,0.0163995805403112,0.00277201329222249,-0.00539265514239476
"93",0.0515516944936991,0.0403182900448746,0.0397694335540044,0.0350807574384399,0.0349444503467593,0.0354840315910757,0.0383234916244644,0.0226135446083643,0.00261103913413996,-0.00626302928790851
"94",-0.0214680088081115,-4.29894067474623e-06,0.00595290048735925,0.0103530303698731,0.00850327999864131,0.00588408937700077,0.0106067974375406,0.0133568215192015,0.000774855894612181,-0.00762624339194359
"95",0.0329783301444619,0.00387554559681155,0.00362328393459083,0.00414750526116031,0.00105815016158134,-0.00178203743401975,0.00032043069340959,0.00914766877630829,0.00290958684429313,-0.00493824858582612
"96",-0.0531633916059259,-0.0589416029489944,-0.0577402990949021,-0.0591678881831754,-0.0598026981222019,-0.0515418269848578,-0.0272419236560945,0.0058316351085495,0.00349342379375367,-0.00414018260497109
"97",0.0537242873333073,0.0349906703890996,0.0360812207250553,0.0372606172156557,0.0369554182572833,0.0326169008216901,0.0251786835105621,0.0166000270956365,0.0066843293889072,-0.00134618336375628
"98",0.0250367109031781,0.000545202003846196,0.00402451018694916,0.0145304923689357,0.0266313390059502,0.0214798643727131,0.010674336784278,0.00794179160287209,0.00612269458638523,-0.000983885703537579
"99",-0.0137653732350795,0.0346283078922077,0.0331081540200219,0.0339838853181197,0.0306853503997056,0.0163921211526908,0.00319309765178924,0.00212078196436161,0.00408950176143025,-0.00251563305302391
"100",0.0368302084625002,0.0444133089646039,0.0390684443781225,0.038828978851376,0.0368366231755046,0.0271720907993159,0.0157859606553735,0.0100393938687268,0.00485373165801023,-0.00249595444359216
"101",0.011782225293411,-0.0247985073301762,-0.0261874085466615,-0.02623008445907,-0.0185718922362007,-0.00246338547939959,0.0091239929419156,0.0123667525793878,0.00448451286185611,-0.00314833402877954
"102",0.0140555170474736,0.01105414966216,0.0108173629753005,0.0107007671381396,0.0107247793383718,0.0170593464347959,0.020290464978337,0.0132710267561739,0.00645141261489077,-0.000887037930984519
"103",-0.00953284080638056,0.00468766668721804,0.00493200503569341,0.00561218425555304,0.0101443439585421,0.0092671186933336,0.00819871371638395,0.00828946188618104,0.00593138817065314,-0.000986221450777897
"104",0.0373413550183163,0.0332143555370406,0.0368182290881152,0.0424912020525106,0.0485494960930204,0.0399722122657361,0.0248865853443206,0.0112544535551596,0.00532442543526343,-0.00192709905050947
"105",0.0216348581986092,0.0473575179201265,0.0467276982067303,0.0431614251103085,0.0328586392302222,0.0159466124546247,0.00829182768338346,0.0106636911623234,0.00747372963887677,0.000449840546319358
"106",0.0026685687006788,0.0115023502004639,0.0125935388768312,0.0151052564256778,0.0177789424981848,0.0144300265029641,0.00949320072438657,0.0110880211464697,0.0112900831076121,0.00686672721664582
"107",-0.0353413295194597,-0.0291367019915304,-0.029077715470485,-0.0269353346737418,-0.0194511917992669,-0.00428789601697566,0.00756245823465426,0.0132675317241536,0.0142735607254173,0.0107565987512902
"108",0.00828332049945461,-0.0299408423052892,-0.0286093140840141,-0.0221712418909161,-0.0107711014520994,0.00624015660567337,0.0137140663317401,0.0134034685186743,0.0138639638056766,0.0103520214051788
"109",-0.0238682505252897,-0.0479348297612132,-0.0471990750034944,-0.0446165640432396,-0.0373849866711865,-0.0265344040701946,-0.0146009264821203,0.00599014065887304,0.0151139425664562,0.0120482231520685
"110",0.00874936762244789,0.0443239614085938,0.0443833458980974,0.0452118742643408,0.0427341019370686,0.0463088008845516,0.0438791476332581,0.0205258121912416,0.0172951910705354,0.0137784677281625
"111",-0.00519791500744196,0.00197716445354139,0.00197791909875283,0.00117511148191639,-0.00282645715651772,-0.00798894079392203,-0.00690913673262598,0.00701198487075223,0.0152911948373168,0.012277117483087
"112",0.0609122383679434,0.0725058716794937,0.0731800412977444,0.0681258017723171,0.060866055828981,0.046920301127704,0.031395617214585,0.0135901128818767,0.0131504486648459,0.00977862636804371
"113",0.0626354809308343,0.0302830450633208,0.0313633525315475,0.034772974046852,0.0400972928146905,0.0435601552758498,0.0377447349948659,0.0169508545259603,0.0139629474919065,0.0104282476128312
"114",0.0479496188793508,0.0274062205194975,0.0285733392554804,0.0314316212589043,0.0358943844436281,0.036671550766637,0.0276048212387602,0.0128162641890773,0.0129335102954622,0.00954568404445491
"115",0.0560895634290141,0.0283059118969336,0.0293990645822113,0.0326049723987026,0.0374960434495838,0.0417827848380485,0.0379049171702902,0.018492485986521,0.012905482265001,0.00917508266801957
"116",-0.0453722421246378,-0.0360438019575433,-0.0362257455467946,-0.0359123503210676,-0.0330614944919284,-0.0232243107230256,-0.0104297341305809,0.00868877915835228,0.0128357780690469,0.0094663238532692
"117",0.0470911684502588,0.0499020072061299,0.0510126025634947,0.0539308839028131,0.0579938914420736,0.0612823904738157,0.0569448583081069,0.0266368712839674,0.0134305637764928,0.00930806214610572
"118",-0.00379256287558621,0.0127341088970634,0.0117544871983686,0.00937799700067173,0.00696440609226996,0.00744344773551292,0.0116802785622305,0.0157468669668181,0.0140386709090099,0.010357318730432
"119",0.0409650476218082,0.0337416249378298,0.0335701358745775,0.0329495392996862,0.0307787805258663,0.0267437138538412,0.0228825618856084,0.0160111371771043,0.0128205426255671,0.00911742743008824
"120",0.0610164169556388,0.0479752405805202,0.0481775005175079,0.0487295728266518,0.0481683982730203,0.0449439169511898,0.0401432352138941,0.0248345619395332,0.0132785787591818,0.00911182297161484
"121",0.000850782633970884,0.000981687877161588,0.00180809892987692,0.00381954741979908,0.00723061325182563,0.0108339910681138,0.0105943175949748,0.0129333274696508,0.0130206418006148,0.00944023743652649
"122",-0.020751577064541,-0.0478068642862809,-0.0471850477619737,-0.0447735654812397,-0.0383775988874532,-0.0249358093902888,-0.00916367442300851,0.0109295442020868,0.0117875348590917,0.00825317297032967
"123",0.0223266754757519,0.0278120055899273,0.0241731357466765,0.0237755910338156,0.023617794323399,0.0242980031167891,0.0226074396043968,0.0156902433208763,0.0112796856635943,0.00751800712026809
"124",-0.007328567533437,-0.0156867328955225,-0.0159893604426212,-0.0184567716162306,-0.016044509782944,-0.0122245707285819,-0.00433771564153471,0.0119296979387853,0.0113648685703326,0.0077172001881653
"125",-0.0069735653843797,0.012901997863783,0.0150604504468703,0.0163091677840302,0.01784955707238,0.0176031393036418,0.0171796633443853,0.0168621341967197,0.0130929606419779,0.00971757641453101
"126",0.0535246732920274,0.0434157621163299,0.0437915820211753,0.0469354519674129,0.0431762344325799,0.0371506536492429,0.0326438205965749,0.0219809425881349,0.0154841388141041,0.0118963524879832
"127",0.0382193240710627,0.0162204347676517,0.0158248521532482,0.0154251090179902,0.0150577213193156,0.0159471719301381,0.0182715565296021,0.0178342447472873,0.0135914242974374,0.0101715142128359
"128",0.0199753154364334,0.00712353623915575,0.00779516805843919,0.0100618339647708,0.0156667210116264,0.026538297316359,0.0326339602943574,0.0211603345329549,0.0154675416327404,0.0119063167222513
"129",0.0499477717835794,0.058724967135168,0.0588644459431561,0.0579784572943394,0.0630127833171936,0.0681799383121107,0.0610063321357762,0.0204782535840025,0.0143395892897309,0.0104666191790465
"130",-0.00906991803412177,-0.0241247047258785,-0.0237759740449492,-0.0286773799307363,-0.0201091769344529,-0.00447330362338032,0.0100866891429986,0.0146205826548775,0.0122990156546447,0.0089598887557174
"131",0.0126608041780471,-0.00163569314964304,-0.00224723982793457,-0.00376194965463479,-0.0043719863100694,0.00147726531177585,0.0145374128815538,0.0146567552265252,0.0120453352753377,0.00867177578512242
"132",0.0322327895734593,0.0452526364004591,0.0443636637249543,0.041933182546251,0.0376621011787408,0.0331666027720378,0.0302226824474472,0.0157792274276741,0.0124318733091377,0.00889615271019156
"133",-0.0392173450461307,-0.0409041940606931,-0.0399765094696981,-0.0372792480686568,-0.0318341020991624,-0.0223806298051517,-0.00907283797775892,0.0124615819899476,0.0113073032775946,0.00818083940443905
"134",-0.0214375169345964,-0.0130309676282151,-0.0120253733429544,-0.00915490097075645,-0.00480147623002541,0.000920733743631011,0.0071410741012481,0.0126828073309221,0.0109855445559137,0.00778841447674739
"135",-0.0354045532875539,-0.0724519469905963,-0.0718679462174054,-0.0691146110594286,-0.0629512707942802,-0.0500050354121976,-0.0285660981705664,0.011344330390743,0.0111513303453505,0.00819193580993595
"136",0.0322344688190913,-0.00380801067200547,-0.00405566452899178,-0.00499400864151858,-0.0068161132045149,-0.00907219394085219,-0.00849604618339869,0.0101076003156677,0.0100825317170055,0.00720209810970869
"137",0.129290275386454,0.104023934741586,0.101870231101744,0.0961230309759073,0.0856712296248793,0.0685961941398962,0.0477001486549549,0.0144661277137697,0.0115875372663082,0.00821267420836683
"138",-0.0131288318331195,-0.0285402953540499,-0.0289519739930675,-0.0302630431751665,-0.032602425999082,-0.0349245295930536,-0.029358721636881,0.00735538121211006,0.00988630518347262,0.00725097102727469
"139",-0.0561375376707936,-0.0899940647452456,-0.0885978940330497,-0.0841487838583551,-0.0753078246713105,-0.059311924959694,-0.0372860069878135,0.00421100563473903,0.00921386162032398,0.00663443353747892
"140",-0.0266365152933848,-0.0955032157770382,-0.093736730703118,-0.0890426184078384,-0.0788012236400024,-0.0601889338322412,-0.0336344370627931,0.00850881801200093,0.0124842495019282,0.00973834977245809
"141",0.0714319852308074,0.024099920737873,0.0236001524797219,0.0202245730969043,0.0138228185586675,0.00289827173295,-0.00405609673630185,0.00740542215339303,0.0136840224293338,0.0111652842979567
"142",0.086030804831775,0.0934622233851963,0.0918522057919282,0.087220267218677,0.0759884426895329,0.0579560499033682,0.0401077882250397,0.0142314809845962,0.0121706916316175,0.00901668902299109
"143",0.0592268516933215,-0.0486268516731914,-0.0478688229011301,-0.0462768010465264,-0.0427317344333122,-0.0360264641627571,-0.0252312734590798,0.000416291143590125,0.00988776640401551,0.00743081617563132
"144",-0.021583737707228,-0.00821234092915611,-0.00831340766955484,-0.00897241660834852,-0.00973699379128626,-0.0127846688690079,-0.0176012658274337,-0.00234161989845752,0.00969271673542293,0.00732752790537294
"145",0.00541834007178396,0.0366385033839197,0.035239557483044,0.0318160131473963,0.0255747783088481,0.0181999376484341,0.0120874561068644,0.00955629766315967,0.0106835383539248,0.00745892633191624
"146",-0.022363399936562,0.0562106717299155,0.0538508614274721,0.04968125674475,0.041208423762767,0.0290896156249517,0.0168462275052064,0.00940843819086662,0.00935825284842476,0.00609233278912649
"147",0.00448096691393421,0.0272760777311443,0.0271905795483015,0.0272344114894827,0.0279118905792975,0.0297873938273085,0.0283541087400419,0.0163049081440602,0.00993337775775838,0.00617459230053601
"148",-0.072212441164953,-0.0563940232347052,-0.0561351374796658,-0.0534317602377486,-0.0457099230111976,-0.0258880123711711,-0.00512290037693929,0.010076119311405,0.00935764667413627,0.00602148721591685
"149",0.0561700994550786,0.0208061182646231,0.0210961090550139,0.0212670509882538,0.0211888345280306,0.0219206313973523,0.0236594277683862,0.0153733478771098,0.0125102394293379,0.00885059402201262
"150",-0.00274636174976343,0.0566401383064443,0.0564487547185351,0.0566194703808613,0.0566753092260551,0.0585537918237942,0.0569531774599472,0.0187739709893581,0.0126960467844141,0.00851332788792757
"151",0.0435209614523051,0.0612391559401199,0.0611508423714945,0.0623204435978784,0.064181853143111,0.0673708694331897,0.0632590368138191,0.0200271761199715,0.0132847501307965,0.00899909970773638
"152",0.0560166253221781,0.0130169067402003,0.0137253720389885,0.0157772051040226,0.0216780279611647,0.031842006806351,0.0345742415978014,0.0140672207913285,0.0112592352562589,0.00756748628750739
"153",-0.0198250165617693,0.0352912171530117,0.0347013389199344,0.032931152900115,0.0301145992986259,0.0269214997908677,0.0255702806241398,0.0140287764114464,0.0114742855556541,0.00779593992839778
"154",-0.0177145493317698,-0.028371784410946,-0.0276667641994216,-0.0256528590899604,-0.0223587241609415,-0.0165008448321393,-0.00322342138639491,0.0126843898571759,0.0122126705465227,0.00889147009566592
"155",0.0318254315637929,0.0165807391304844,0.0159318472980106,0.0145053266457017,0.0135005114069813,0.0139571861777705,0.017804750535973,0.0151128635223953,0.0130113424660673,0.00935892838565468
"156",0.0252707773166289,0.0104910438809062,0.00806664010188897,0.0099174585191972,0.0161034401680227,0.0256819161918599,0.0302655969880493,0.0174511647439618,0.0141099377024169,0.0101630623429518
"157",0.0602876493562616,0.0321170437173522,0.0331003711841055,0.036268639332568,0.039801207469529,0.0390103723698073,0.0312349148342685,0.0165278490579564,0.0135593175489197,0.00967076150106259
"158",0.0283515928175317,0.0563176064993966,0.0549939022951611,0.0502427537818425,0.0417190282408457,0.0337301022673508,0.0305473680536564,0.0176154709314231,0.0140871056845839,0.0100525789655916
"159",0.0130484725657976,-0.00366893459054615,0.00645227954082617,0.00604452067201132,0.00980410087558387,0.0161601606052346,0.0224782788859687,0.018153651451498,0.0141499689149666,0.00995648386096472
"160",0.0165301772665961,0.00539964560608806,0.00697211617983434,0.0162624297769908,0.017155489288265,0.0196256556850015,0.0230799060719527,0.016207457932477,0.0132461469788329,0.00932919054549713
"161",0.0446601611005579,0.0201990404917547,0.0217969090108795,0.0267581820697242,0.0320309314007565,0.0346548714974611,0.0333361919075226,0.0184055110091093,0.0137637952689875,0.00941839675334459
"162",0.0399942499234389,0.0649988011725884,0.0625211707012613,0.0557076161119654,0.0440716206823284,0.0282668142674657,0.0181394158986459,0.0165531454602502,0.0137778848708457,0.00981008881538772
"163",0.0248267853347681,0.0444698873691466,0.0440957352817509,0.0426755260056054,0.0405423699831904,0.0369724032861325,0.0300974222876038,0.0167883606721639,0.0129749575478334,0.00879678508692881
"164",0.0361506738812242,0.0387212615243423,0.0547806100304573,0.0542584323410529,0.0520651204678604,0.0447143131348895,0.0337327613652512,0.0185955774632484,0.0141222696188025,0.0097211894741869
"165",-0.0192541677501555,-0.0881392045517012,-0.0887068327040244,-0.0891178805035281,-0.0847638839303779,-0.065712779489233,-0.0289008551683635,0.0147764117089643,0.0128036071357524,0.00891745644284372
"166",-0.0884275624986109,-0.0649148567741467,-0.0648919863669156,-0.0637443455142726,-0.0578111625103002,-0.039166830054972,-0.0107599735050954,0.0145795290170868,0.0120690564058499,0.00815497229116512
"167",0.0712886364699535,-0.0126477779882709,-0.0123503111024873,-0.010882237185608,-0.00520653591434232,0.011774054816211,0.0305287553522504,0.020574896743898,0.0143159428054092,0.00934975185409755
"168",0.00150917932323764,0.0492177110834933,0.0490471678708831,0.0578692581556659,0.0540958484774928,0.0456723647270389,0.0358043800186972,0.0175454821870391,0.0127396289775885,0.00825219963650523
"169",-0.0267436715431929,0.0287065628271675,0.0358186456882695,0.0368441695146863,0.0352375967700874,0.0260058017288098,0.0164533534041821,0.0138458390716787,0.0115370543515792,0.00774399616139704
"170",0.0594514338716741,0.0393423974967256,0.0389781174512216,0.0383462980167039,0.0369080550217841,0.0277051455403607,0.0125702069272097,0.0120928857044739,0.0103726513200062,0.00674904623437181
"171",0.0259089854543743,0.0954811459388578,0.0907654043828519,0.076458162473671,0.0518809308016139,0.0254934588421031,0.0145093337657233,0.0148188827305205,0.0122839452201616,0.00835735265214828
"172",0.0210257688861459,0.0340088935472269,0.0323504213259035,0.0237375072828253,0.0133479977395392,0.01094049923473,0.0156343870361927,0.0156502978578638,0.0128253604766092,0.00887845006947409
"173",-0.0404922021196381,-0.0153890649576513,-0.0160903096681321,-0.0181527440642856,-0.0219155655233691,-0.0233753913867146,-0.0124827446811063,0.0130886260075978,0.0120231484266795,0.0084615703230746
"174",0.0100040313458597,-0.000209243820040936,0.00146809116889665,0.00621489942106535,0.0136113068823502,0.0178293280216125,0.0151342348991901,0.0155323318569987,0.0128543030201422,0.00889155121718092
"175",-0.055152172595143,-0.0422701460241374,-0.043179078470764,-0.0457768183949413,-0.0495668853721052,-0.0453079866577456,-0.0211744318405232,0.0132307681728223,0.0121491656041967,0.00861751408947908
"176",0.0276974676992523,0.0466407744132081,0.0474009162814398,0.0500610487165057,0.0540688317639497,0.0524467318123605,0.0357194248319049,0.0114526130363371,0.00918069717924512,0.00523374402521835
"177",0.0937665280946079,0.0927069769425639,0.0920556965025973,0.0881484458922179,0.079311586729883,0.060384966183707,0.0355879710550879,0.0108896106473483,0.00930204143164996,0.00553816871464924
"178",-0.00681002736099708,-0.0206169919163356,-0.0194816378162389,-0.0152818933499335,-0.00804018230743722,-0.00195758351910022,-0.0103716427251402,0.000581934226358757,0.00539365079155635,0.00265391332149263
"179",0.0260027121619627,0.0448156548909024,0.0441818990450127,0.0427297615343588,0.040137236688689,0.032414834929448,0.0141050500127224,0.00698344902304916,0.00766230958974509,0.00416701305230247
"180",-0.0704192935137198,-0.13285686443314,-0.129838983480025,-0.121040453082518,-0.102186548421008,-0.0726122694102984,-0.0473062132943199,0.00338040693206694,0.00773462643876381,0.00473308781138775
"181",0.0400632061433399,0.0953177625356415,0.093119798571789,0.087100833597873,0.0743667650734239,0.0510515632785151,0.0241529640017679,0.0100528009132682,0.0094146128284784,0.00574680474017623
"182",-0.0132387825966527,0.00980100942236788,0.0101463151732062,0.0108426477892595,0.0105025834953418,0.00647884957652767,0.00426986280253926,0.0103577641899635,0.00915124762895074,0.00534489807294579
"183",-0.0263765650206729,0.00642802759993871,0.00443655400228915,-0.00137199358440784,-0.0120583206496459,-0.0242801832978024,-0.0271442244160645,-0.00282510078614652,0.00624623618739528,0.0035425728118739
"184",-0.0674346688072741,-0.0391702985770266,-0.0368327495337593,-0.0292417711610011,-0.0134934013146207,0.0101162109374517,0.0225523245394475,0.014185450079879,0.00928324248136381,0.00524377159895381
"185",0.0288214263931689,0.0196629707130773,0.0194874953514015,0.019173948183968,0.0184784835193276,0.0176831481733914,0.0145045704716935,0.0105894064854831,0.00892892734296594,0.00510967334277504
"186",0.0290801775368551,0.0557101105179572,0.0558669646162708,0.0558770164822806,0.0566310462641295,0.0586105214528186,0.0560126625657455,0.0215649731125735,0.00971636073156949,0.00527226365481326
"187",-0.0204874254092208,0.0261163629001776,0.0264094542760361,0.0269133989367533,0.0267229092432627,0.0225553732405547,0.0149475148523895,0.00934935193209704,0.00832491415770491,0.00462947786560777
"188",0.0149629671862488,0.0365299502433202,0.035371851238242,0.0323368632959658,0.0243594988453354,0.00751652173594462,-0.00824136106300913,0.00454970390529381,0.00935174107236994,0.00623832250506162
"189",-0.0202361215642683,-0.0524317305243489,-0.0521053497077714,-0.051253864813192,-0.0511906840847269,-0.0541507645041571,-0.0469409731581908,0.00309997750292627,0.0103297372639184,0.00734214304641438
"190",-0.0868301796074137,-0.110847751819036,-0.107816228118101,-0.0992470488607833,-0.122882332003987,-0.135206833898257,-0.107052498995618,-0.00570514090058641,0.00742232708168293,0.0053233607030883
"191",-0.072531369629645,0.087420270825104,0.0858999667513967,0.0805292173283587,0.0686136840156837,0.0529403668025108,0.0407264784809049,0.015488583173671,0.00984337976469592,0.00565397210062728
"192",-0.096368903852176,-0.0141243069628884,-0.013868426536416,-0.0112998827824491,-0.0067829621899989,0.00188032202326666,0.00769114329136911,0.00702648136190426,0.00758106635073802,0.0044094802751192
